ID,Name,PhotoUrl
29160482,Michael Hunter,https://randomuser.me/api/portraits/men/32.jpg
215249721,Benjamin Webb,https://randomuser.me/api/portraits/men/57.jpg
378470654,Marc Baker,https://randomuser.me/api/portraits/men/52.jpg
669446569,Emma Thompson,https://randomuser.me/api/portraits/women/65.jpg
226531171,Ruby Craig,https://randomuser.me/api/portraits/women/10.jpg
46284580,Jeanette Stewart,https://randomuser.me/api/portraits/women/31.jpg
959350238,Lydia Allen,https://randomuser.me/api/portraits/women/41.jpg
628631378,Terrance Hunter,https://randomuser.me/api/portraits/men/85.jpg
749580157,Lee Arnold,https://randomuser.me/api/portraits/men/93.jpg
831662076,Annie Hopkins,https://randomuser.me/api/portraits/women/16.jpg
